{"cameraMode":{"drawMode":0,"name":"Shaded","section":"Shading Mode"},"sceneLighting":true,"audioPlay":false,"sceneViewState":{"m_AlwaysRefresh":false,"showFog":true,"showSkybox":true,"showFlares":true,"showImageEffects":true,"showParticleSystems":true,"showVisualEffectGraphs":true,"m_FxEnabled":true},"in2DMode":false,"pivot":{"x":0.3473033607006073,"y":3.3515563011169435,"z":-0.3147772550582886},"rotation":{"x":0.23985297977924348,"y":0.32973161339759829,"z":-0.08700994402170181,"w":0.9089435338973999},"size":4.365768909454346,"orthographic":true}